<?xml version="1.0"?><tsung loglevel="notice" version="1.0">

  <clients>
    <client host="localhost" maxusers="100"/>
  </clients>

  <servers>
    <server host="10.53.6.159" port="80" type="tcp"/>
  </servers>

  <load duration="300" unit="second">
    <arrivalphase phase="1" duration="300" unit="second">
      <users maxnumber="20" arrivalrate="5" unit="second"/>
    </arrivalphase>
  </load>

  <sessions>
  <session probability="100" name="webtest" type="ts_http">

    <for from="1" to="1000000" var="i">

      <transaction name="request">
        <request>
          <http url="/test.php" version="1.1"/>
        </request>
      </transaction>

      <thinktime value="6"/>

    </for>

  </session>
</sessions>




  </tsung>
